Region,year,school_fragility_score,school_count,schools_per_1000_children,school_age_pop
Bale,2015,0.5650418523999827,39.0,12.322179160977395,3165.0245861955573
Banwa,2015,1.0,0.0,0.0,3792.8404001388426
Mouhoun,2015,0.0,127.0,29.794199471687644,4262.574670639617
Bougouriba,2015,0.6872647892652484,16.0,8.859655389564837,1805.9393166516693
Ioba,2015,0.609656319852206,28.0,11.058270290316505,2532.0415639070616
Noumbiel,2015,0.5660158543811372,14.0,12.29458609948135,1138.7125916008342
Poni,2015,0.7588883182028042,29.0,6.830591304710394,4245.606083912754
Gourma,2015,0.7187061004003164,42.0,7.9689364295912135,5270.464932313997
Kompienga,2015,0.8969034743095312,6.0,2.920680684893128,2054.3156364317
Houet,2015,0.42640928793170574,273.0,16.249580696848266,16800.433506136593
Kenedougou,2015,0.5008615406453341,71.0,14.14038007159791,5021.081444805661
Tuy,2015,0.9193183796109249,9.0,2.2856759596704492,3937.566023706014
Kadiogo,2015,0.0,1267.0,29.015275224366608,43666.65455359843
Bam,2015,0.2711700025778161,85.0,20.64744356597146,4116.732404591065
Namentenga,2015,0.3260375586019635,95.0,19.093069060780604,4975.627527328286
Sandbondtenga,2015,0.22435905113530652,200.0,21.973577893039746,9101.840445535778
Oudalan,2015,0.39696225590708034,56.0,17.083802578582386,3277.958741469306
Seno,2015,0.9124533481450656,10.0,2.4801593786725333,4031.998945709829
Yagha,2015,0.9298889704090061,5.0,1.986215622233307,2517.3500520441908
Boulgou,2015,0.45128712196345777,132.0,15.54480224915677,8491.58438198597
Koulpelogo,2015,0.8407068599013986,19.0,4.512706848325654,4210.333318471497
Kourittenga,2015,0.3109172651101376,99.0,19.52142053873515,5071.352251418405
Boulkiemde,2015,0.0,534.0,77.33367456220402,6905.1419452527425
Sanguie,2015,0.07354246537263354,109.0,26.24614756547527,4152.99044281001
Sissili,2015,0.5483172733190569,44.0,12.795979366731016,3438.580099183191
Ziro,2015,0.13987131487088278,81.0,24.367079495205374,3324.1570872676016
Bazega,2015,0.0,356.0,122.70084167203547,2901.365590886043
Nahouri,2015,0.32573685903753324,52.0,19.101587751433904,2722.286789803455
Zoundweogo,2015,0.7971195994162226,22.0,5.747515382889377,3827.7409514196397
Bassitenga,2015,0.2770863379838947,71.0,20.479836302485563,3466.824585476935
Ganzourgou,2015,0.24388045828838623,101.0,21.420544738604303,4715.09950995676
Kourweogo,2015,0.0,160.0,86.07935729758134,1858.749937535787
Gnagna,2015,0.7744709417390404,42.0,6.38914221341038,6573.65239293701
Komandjari,2015,0.6727800941568085,14.0,9.270000635890604,1510.2480085919615
Djelgodji,2015,0.4420732564894927,56.0,15.80582713571608,3542.9971186675853
Karo-Peli,2015,0.35192209139127983,34.0,18.359771265836304,1851.874923042581
Kossin,2015,0.0,155.0,40.69380908389217,3808.9331888410916
Nayala,2015,0.26474334256514687,45.0,20.82950810831824,2160.396672162858
Sourou,2015,0.8165590534056634,15.0,5.196803926692583,2886.389444665174
Comoe,2015,0.5181915297914648,133.0,13.649428856418496,9743.997452132087
Leraba,2015,0.0,56.0,28.415052998492452,1970.786399834308
Dyamongou,2015,0.012069181828144426,52.0,27.987659519276704,1857.9617193136362
Gobnangou,2015,0.0,255.0,60.283759426917165,4229.994984124041
Loroum,2015,0.0,205.0,95.85856372193975,2138.567406399397
Passore,2015,0.7469295939944673,31.0,7.169376870735363,4323.9462172143185
Yatenga,2015,0.0,494.0,65.38540368835075,7555.203029021177
Zondoma,2015,0.37655985718014173,46.0,17.66179384926947,2604.491955493109
Bale,2016,0.5650418523999826,39.0,11.971988615435029,3257.604166923345
Banwa,2016,1.0,0.0,0.0,3903.784111459059
Mouhoun,2016,0.0,127.0,28.947462313374746,4387.258496967505
Bougouriba,2016,0.6872647892652483,16.0,8.607868143684298,1858.7645318126072
Ioba,2016,0.609656319852206,28.0,10.743999441375715,2606.1058689346637
Noumbiel,2016,0.5660158543811371,14.0,11.945179735789633,1172.020874500013
Poni,2016,0.7588883182028043,29.0,6.636469107319477,4369.793565077459
Gourma,2016,0.7187061004003164,42.0,7.742462998291937,5424.6303804442605
Kompienga,2016,0.8969034743095312,6.0,2.8376763113131025,2114.4060638909054
Houet,2016,0.4264092879317056,273.0,15.787775243874101,17291.860048864593
Kenedougou,2016,0.5008615406453341,71.0,13.738517109961137,5167.9522201505515
Tuy,2016,0.9193183796109249,9.0,2.220718122197603,4052.74307893416
Kadiogo,2016,0.0,1267.0,28.190674727397624,44943.94023030044
Bam,2016,0.27117000257781587,85.0,20.060652915392318,4237.150224297059
Namentenga,2016,0.3260375586019635,95.0,18.550453003740373,5121.168738081216
Sandbondtenga,2016,0.2243590511353064,200.0,21.34909912760757,9368.076788840714
Oudalan,2016,0.39696225590708034,56.0,16.59828893146079,3373.8417394250964
Seno,2016,0.9124533481450656,10.0,2.409674413756599,4149.938241826764
Yagha,2016,0.9298889704090061,5.0,1.9297683069307208,2590.9846182272813
Boulgou,2016,0.45128712196345766,132.0,15.103026268718208,8739.9702318867
Koulpelogo,2016,0.8407068599013986,19.0,4.384457838759835,4333.4890421421505
Kourittenga,2016,0.3109172651101375,99.0,18.96663093383548,5219.6934893370635
Boulkiemde,2016,0.0,534.0,75.1358878452654,7107.123044845332
Sanguie,2016,0.07354246537263354,109.0,25.50024437625316,4274.468840051789
Sissili,2016,0.5483172733190569,44.0,12.432323641826839,3539.1614043868735
Ziro,2016,0.13987131487088267,81.0,23.674578538173087,3421.3914249579957
Bazega,2016,0.0,356.0,119.21374136921621,2986.232928446012
Nahouri,2016,0.32573685903753324,52.0,18.558729597205488,2801.9159246670624
Zoundweogo,2016,0.7971195994162226,22.0,5.584173694609013,3939.7055326625855
Bassitenga,2016,0.2770863379838946,71.0,19.89780897163016,3568.2320652103044
Ganzourgou,2016,0.24388045828838623,101.0,20.8117829157295,4853.020061230046
Kourweogo,2016,0.0,160.0,83.63302238407525,1913.1199069336274
Gnagna,2016,0.7744709417390404,42.0,6.207565791899845,6765.937149599789
Komandjari,2016,0.6727800941568085,14.0,9.006551570798198,1554.4240090060641
Djelgodji,2016,0.4420732564894926,56.0,15.3566329505728,3646.6327078496206
Karo-Peli,2016,0.3519220913912797,34.0,17.837995187788575,1906.0437925936603
Kossin,2016,0.0,155.0,39.53731013860702,3920.347627509618
Nayala,2016,0.26474334256514664,45.0,20.237543268938932,2223.590057448677
Sourou,2016,0.8165590534056633,15.0,5.049113199395868,2970.8187175907974
Comoe,2016,0.5181915297914647,133.0,13.261518497777697,10029.017417748013
Leraba,2016,0.0,56.0,27.607510535332224,2028.4335281999051
Dyamongou,2016,0.012069181828144315,52.0,27.192263378101618,1912.30863267809
Gobnangou,2016,0.0,255.0,58.57052329187445,4353.725827738616
Loroum,2016,0.0,205.0,93.13430835394433,2201.1222676494813
Passore,2016,0.7469295939944673,31.0,6.965626546643947,4450.4252119195025
Yatenga,2016,0.0,494.0,63.52718121901317,7776.198951703996
Zondoma,2016,0.37655985718014184,46.0,17.159853961646384,2680.675494256163
Bale,2017,0.5650418523999827,39.0,11.639911716882118,3350.54087596178
Banwa,2017,1.0,0.0,0.0,4015.155791235055
Mouhoun,2017,0.0,127.0,28.144522733762276,4512.423294627424
Bougouriba,2017,0.6872647892652484,16.0,8.369104622591255,1911.79352171201
Ioba,2017,0.609656319852206,28.0,10.445984288910035,2680.4558790813194
Noumbiel,2017,0.5660158543811371,14.0,11.61384645718929,1205.4576450279844
Poni,2017,0.7588883182028043,29.0,6.452387903328057,4494.460102908906
Gourma,2017,0.7187061004003164,42.0,7.527703931755686,5579.390526083608
Kompienga,2017,0.8969034743095312,6.0,2.7589653486796255,2174.7282918473247
Houet,2017,0.42640928793170574,273.0,15.349856732050856,17785.18228316553
Kenedougou,2017,0.5008615406453343,71.0,13.357440557089204,5315.389553601129
Tuy,2017,0.9193183796109249,9.0,2.159120236477192,4168.364432860092
Kadiogo,2017,0.0,1267.0,27.408726787727957,46226.15307206788
Bam,2017,0.271170002577816,85.0,19.504214079950955,4358.032559095749
Namentenga,2017,0.3260375586019635,95.0,18.03590382581253,5267.271378107395
Sandbondtenga,2017,0.2243590511353063,200.0,20.75692159946874,9635.340146253619
Oudalan,2017,0.39696225590708034,56.0,16.13788853460957,3470.0946087154784
Seno,2017,0.9124533481450656,10.0,2.3428352919075417,4268.332492062632
Yagha,2017,0.9298889704090061,5.0,1.8762407356243918,2664.9032317998663
Boulgou,2017,0.45128712196345777,132.0,14.684101202617414,8989.314237120025
Koulpelogo,2017,0.8407068599013986,19.0,4.26284252423688,4457.119842446284
Kourittenga,2017,0.3109172651101375,99.0,18.44053788623723,5368.606957711733
Boulkiemde,2017,0.0,534.0,73.05178190370889,7309.883292154006
Sanguie,2017,0.07354246537263354,109.0,24.792923116868575,4396.41584359364
Sissili,2017,0.5483172733190569,44.0,12.087478051891916,3640.1307047761866
Ziro,2017,0.13987131487088278,81.0,23.01789727426277,3519.0008468136375
Bazega,2017,0.0,356.0,115.90701173803876,3071.4276441238517
Nahouri,2017,0.32573685903753336,52.0,18.043950844594875,2881.852231135775
Zoundweogo,2017,0.7971195994162226,22.0,5.429280874288775,4052.1020203954645
Bassitenga,2017,0.2770863379838948,71.0,19.345887072641855,3670.0307271205584
Ganzourgou,2017,0.24388045828838634,101.0,20.23450936945318,4991.472644870432
Kourweogo,2017,0.0,160.0,81.31322443053361,1967.699610002417
Gnagna,2017,0.7744709417390404,42.0,6.035381432061784,6958.963650065795
Komandjari,2017,0.6727800941568085,14.0,8.756729439458088,1598.7704195718982
Djelgodji,2017,0.4420732564894927,56.0,14.930673387274606,3750.6680742027834
Karo-Peli,2017,0.3519220913912797,34.0,17.34320803849865,1960.4216200674302
Kossin,2017,0.0,155.0,38.440631236738874,4032.1918504777777
Nayala,2017,0.26474334256514676,45.0,19.6761978802192,2287.0272129779314
Sourou,2017,0.8165590534056634,15.0,4.909061792269048,3055.5736787877663
Comoe,2017,0.5181915297914647,133.0,12.893672847877367,10315.136855818027
Leraba,2017,0.0,56.0,26.841738300674386,2086.3030319684262
Dyamongou,2017,0.012069181828144426,52.0,26.438009195501415,1966.8651907742021
Gobnangou,2017,0.0,255.0,56.945904496605074,4477.933966527869
Loroum,2017,0.0,205.0,90.55096541397742,2263.9184360187533
Passore,2017,0.7469295939944675,31.0,6.772415231933445,4577.392102868722
Yatenga,2017,0.0,494.0,61.76507552457404,7998.04737231246
Zondoma,2017,0.37655985718014184,46.0,16.683876973507783,2757.1529131414177
Bale,2018,0.5650418523999827,39.0,11.334212505633426,3440.909545380051
Banwa,2018,1.0,0.0,0.0,4123.450033804718
Mouhoun,2018,0.0,127.0,27.405362625854977,4634.129521796026
Bougouriba,2018,0.6872647892652484,16.0,8.149306677021507,1963.3572074437925
Ioba,2018,0.609656319852206,28.0,10.171641215224644,2752.751439766705
Noumbiel,2018,0.5660158543811372,14.0,11.308831798325777,1237.9704862241065
Poni,2018,0.7588883182028043,29.0,6.282928723508233,4615.681838231504
Gourma,2018,0.7187061004003164,42.0,7.330003707696958,5729.874318603331
Kompienga,2018,0.8969034743095312,6.0,2.686506591992444,2233.3836879030728
Houet,2018,0.42640928793170585,273.0,14.946723167991031,18264.872971263678
Kenedougou,2018,0.5008615406453343,71.0,13.00663385494892,5458.75287886151
Tuy,2018,0.9193183796109249,9.0,2.102415222784961,4280.790922013096
Kadiogo,2018,0.0,1267.0,26.68889090201527,47472.935636464725
Bam,2018,0.27117000257781587,85.0,18.99197455397423,4475.574656991789
Namentenga,2018,0.3260375586019636,95.0,17.562226558508904,5409.3368903712535
Sandbondtenga,2018,0.22435905113530663,200.0,20.211782193324833,9895.218446696512
Oudalan,2018,0.39696225590708034,56.0,15.714058877113601,3563.6878058004468
Seno,2018,0.9124533481450656,10.0,2.2813053664027816,4383.455256482496
Yagha,2018,0.9298889704090061,5.0,1.8269649913624173,2736.7793163192277
Boulgou,2018,0.45128712196345777,132.0,14.298452388028421,9231.768335328294
Koulpelogo,2018,0.8407068599013986,19.0,4.1508874141782215,4577.334459879961
Kourittenga,2018,0.31091726511013773,99.0,17.956233707310485,5513.405629137826
Boulkiemde,2018,0.0,534.0,71.13322163869537,7507.040841090097
Sanguie,2018,0.07354246537263365,109.0,24.141786130117755,4514.993191163207
Sissili,2018,0.5483172733190569,44.0,11.770024397918753,3738.310007902817
Ziro,2018,0.13987131487088278,81.0,22.413377823214013,3613.913112021276
Bazega,2018,0.0,356.0,112.86294379935147,3154.2682479813684
Nahouri,2018,0.32573685903753336,52.0,17.57006223829191,2959.579726853331
Zoundweogo,2018,0.7971195994162226,22.0,5.286691572815768,4161.392753290974
Bassitenga,2018,0.2770863379838948,71.0,18.837805691712187,3769.0164747392473
Ganzourgou,2018,0.24388045828838634,101.0,19.703090085123502,5126.099488133509
Kourweogo,2018,0.0,160.0,79.17769375151224,2020.771159389119
Gnagna,2018,0.7744709417390404,42.0,5.876874100714042,7146.656416358653
Komandjari,2018,0.6727800941568085,14.0,8.526751296335403,1641.8914441678241
Djelgodji,2018,0.4420732564894927,56.0,14.5385488429551,3851.8287213469553
Karo-Peli,2018,0.3519220913912797,34.0,16.88772305314421,2013.2968721126542
Kossin,2018,0.0,155.0,37.43106424561391,4140.945578862684
Nayala,2018,0.26474334256514664,45.0,19.159441540595743,2348.711464509668
Sourou,2018,0.8165590534056634,15.0,4.780135013924915,3137.986679519261
Comoe,2018,0.5181915297914648,133.0,12.555046085444275,10593.350203166032
Leraba,2018,0.0,56.0,26.13679324381807,2142.573477840295
Dyamongou,2018,0.012069181828144426,52.0,25.743667283412126,2019.9142347332186
Gobnangou,2018,0.0,255.0,55.45033318026879,4598.709969352143
Loroum,2018,0.0,205.0,88.17282377698267,2324.9794122337594
Passore,2018,0.7469295939944673,31.0,6.59455116861345,4700.850627642937
Yatenga,2018,0.0,494.0,60.14293823265686,8213.765647581286
Zondoma,2018,0.37655985718014195,46.0,16.245708011798705,2831.51709772155
Bale,2019,0.5650418523999827,39.0,11.054543818261791,3527.961048521343
Banwa,2019,1.0,0.0,0.0,4227.76911538379
Mouhoun,2019,0.0,127.0,26.72914257186295,4751.368273731664
Bougouriba,2019,0.6872647892652484,16.0,7.948224696229396,2013.0281429500014
Ioba,2019,0.609656319852206,28.0,9.920658666091814,2822.393244483074
Noumbiel,2019,0.5660158543811372,14.0,11.029789373175165,1269.2898772889075
Poni,2019,0.7588883182028043,29.0,6.1278991236944185,4732.4538825822465
Gourma,2019,0.7187061004003164,42.0,7.149137810366914,5874.834296675062
Kompienga,2019,0.8969034743095312,6.0,2.6202177543846843,2289.8860180454744
Houet,2019,0.42640928793170585,273.0,14.577916738182028,18726.955634543232
Kenedougou,2019,0.5008615406453343,71.0,12.685698614363918,5596.8537609436235
Tuy,2019,0.9193183796109249,9.0,2.050538684792209,4389.090567638822
Kadiogo,2019,0.0,1267.0,26.030349597777196,48673.9525045869
Bam,2019,0.2711700025778161,85.0,18.523352619149424,4588.802132510671
Namentenga,2019,0.3260375586019636,95.0,17.128883276256147,5546.187598329184
Sandbondtenga,2019,0.22435905113530663,200.0,19.713061828532044,10145.557384217529
Oudalan,2019,0.39696225590708045,56.0,15.32631864220459,3653.845473745466
Seno,2019,0.9124533481450656,10.0,2.225014761563793,4494.35220509358
Yagha,2019,0.9298889704090061,5.0,1.7818851147715817,2806.017042597578
Boulgou,2019,0.4512871219634579,132.0,13.945641867772322,9465.32266148648
Koulpelogo,2019,0.8407068599013986,19.0,4.048465368184848,4693.136354657458
Kourittenga,2019,0.3109172651101376,99.0,17.51316840316467,5652.889170077899
Boulkiemde,2019,0.0,534.0,69.37802826162381,7696.9613201789425
Sanguie,2019,0.07354246537263376,109.0,23.54609396055053,4629.217915405426
Sissili,2019,0.548317273319057,44.0,11.479602167696585,3832.885439515952
Ziro,2019,0.1398713148708829,81.0,21.86033367018907,3705.34142900388
Bazega,2019,0.0,356.0,110.0780805960566,3234.0680185583947
Nahouri,2019,0.32573685903753347,52.0,17.136525612718785,3034.4540763505424
Zoundweogo,2019,0.7971195994162226,22.0,5.156243860460527,4266.671746986592
Bassitenga,2019,0.2770863379838948,71.0,18.37298783267306,3864.368748654982
Ganzourgou,2019,0.24388045828838656,101.0,19.216921563178747,5255.784578604128
Kourweogo,2019,0.0,160.0,77.22400515871476,2071.8946093401883
Gnagna,2019,0.7744709417390405,42.0,5.731863791018672,7327.459536950323
Komandjari,2019,0.6727800941568085,14.0,8.316355969672411,1683.4296236301525
Djelgodji,2019,0.4420732564894927,56.0,14.17981400635514,3949.276060666367
Karo-Peli,2019,0.3519220913912797,34.0,16.471022965985878,2064.231230216424
Kossin,2019,0.0,155.0,36.5074626632992,4245.707279893238
Nayala,2019,0.26474334256514676,45.0,18.68668740229379,2408.1314698118326
Sourou,2019,0.8165590534056634,15.0,4.662186450304891,3217.374543014909
Comoe,2019,0.5181915297914648,133.0,12.245253653295912,10861.351162309484
Leraba,2019,0.0,56.0,25.491874802861606,2196.778402258342
Dyamongou,2019,0.012069181828144537,52.0,25.10844912125878,2071.0160053642153
Gobnangou,2019,0.0,255.0,54.08211091629255,4715.052642724782
Loroum,2019,0.0,205.0,85.99718273661018,2383.7990208105816
Passore,2019,0.7469295939944675,31.0,6.431832367619157,4819.777355527556
Yatenga,2019,0.0,494.0,58.658927183645694,8421.565543696626
Zondoma,2019,0.37655985718014195,46.0,15.844849475502128,2903.1515932745865
Bale,2020,0.5650418523999827,39.0,10.791740168102105,3613.875
Banwa,2020,1.0,0.0,0.0,4330.725
Mouhoun,2020,0.0,127.0,26.093701042207076,4867.075
Bougouriba,2020,0.6872647892652484,16.0,7.759268688926068,2062.05
Ioba,2020,0.609656319852206,28.0,9.684811275887414,2891.125
Noumbiel,2020,0.5660158543811371,14.0,10.76757421935087,1300.2
Poni,2020,0.7588883182028043,29.0,5.982218371598903,4847.7
Gourma,2020,0.7187061004003164,42.0,6.979178783296499,6017.9
Kompienga,2020,0.8969034743095312,6.0,2.5579263743525247,2345.65
Houet,2020,0.42640928793170585,273.0,14.231350675076891,19183.0
Kenedougou,2020,0.5008615406453342,71.0,12.384116933971727,5733.15
Tuy,2020,0.9193183796109249,9.0,2.0017904903830646,4495.975
Kadiogo,2020,0.0,1267.0,25.411520725080738,49859.275
Bam,2020,0.27117000257781587,85.0,18.08299028837051,4700.55
Namentenga,2020,0.3260375586019637,95.0,16.72167216721672,5681.25
Sandbondtenga,2020,0.22435905113530663,200.0,19.244416112387388,10392.625
Oudalan,2020,0.39696225590708034,56.0,14.961960551187941,3742.825
Seno,2020,0.9124533481450656,10.0,2.1721186845649245,4603.8
Yagha,2020,0.9298889704090061,5.0,1.7395237184059007,2874.35
Boulgou,2020,0.45128712196345777,132.0,13.6141071027994,9695.825
Koulpelogo,2020,0.8407068599013986,19.0,3.952219743417734,4807.425
Kourittenga,2020,0.3109172651101376,99.0,17.09682154544905,5790.55
Boulkiemde,2020,0.0,534.0,67.72867941758409,7884.4
Sanguie,2020,0.07354246537263365,109.0,22.986324191524584,4741.95
Sissili,2020,0.5483172733190569,44.0,11.206693452362002,3926.225
Ziro,2020,0.1398713148708829,81.0,21.340640087470277,3795.575
Bazega,2020,0.0,356.0,107.46115475462786,3312.825
Nahouri,2020,0.32573685903753324,52.0,16.729132819663167,3108.35
Zoundweogo,2020,0.7971195994162226,22.0,5.033662618762977,4370.575
Bassitenga,2020,0.2770863379838948,71.0,17.93620017809889,3958.475
Ganzourgou,2020,0.24388045828838645,101.0,18.76007076818775,5383.775
Kourweogo,2020,0.0,160.0,75.38813108111292,2122.35
Gnagna,2020,0.7744709417390404,42.0,5.595598129471483,7505.9
Komandjari,2020,0.6727800941568085,14.0,8.118648245067197,1724.425
Djelgodji,2020,0.4420732564894926,56.0,13.842712182822678,4045.45
Karo-Peli,2020,0.35192209139127983,34.0,16.079451406951996,2114.5
Kossin,2020,0.0,155.0,35.63955760962038,4349.1
Nayala,2020,0.26474334256514676,45.0,18.24244205490975,2466.775
Sourou,2020,0.8165590534056634,15.0,4.551350613294495,3295.725
Comoe,2020,0.5181915297914648,133.0,11.95414282953662,11125.85
Leraba,2020,0.0,56.0,24.88584728533179,2250.275
Dyamongou,2020,0.012069181828144204,52.0,24.51153692050249,2121.45
Gobnangou,2020,0.0,255.0,52.79639742229353,4829.875
Loroum,2020,0.0,205.0,83.95274074984131,2441.85
Passore,2020,0.7469295939944675,31.0,6.27892610109071,4937.15
Yatenga,2020,0.0,494.0,57.264407388731435,8626.65
Zondoma,2020,0.37655985718014195,46.0,15.468164164298804,2973.85
Bale,2021,0.5650418523999827,39.0,10.541228691633087,3699.758457091018
Banwa,2021,1.0,0.0,0.0,4433.644341347031
Mouhoun,2021,0.0,127.0,25.48798116081615,4982.740657202107
Bougouriba,2021,0.6872647892652484,16.0,7.579150763058274,2111.054457180875
Ioba,2021,0.609656319852206,28.0,9.45999522822,2959.832359795862
Noumbiel,2021,0.5660158543811371,14.0,10.517623713347005,1331.099151439865
Poni,2021,0.7588883182028043,29.0,5.843351577783861,4962.905211840512
Gourma,2021,0.7187061004003164,42.0,6.817169287672,6160.914923434828
Kompienga,2021,0.8969034743095312,6.0,2.498548562919284,2401.3941890285487
Houet,2021,0.42640928793170585,273.0,13.900994623668282,19638.882496593546
Kenedougou,2021,0.5008615406453342,71.0,12.096641200719354,5869.397861926981
Tuy,2021,0.9193183796109249,9.0,1.9553224061338033,4602.821494689161
Kadiogo,2021,0.0,1267.0,24.821636473143396,51044.176775809006
Bam,2021,0.271170002577816,85.0,17.663225123017078,4812.25820358457
Namentenga,2021,0.3260375586019636,95.0,16.333507634121123,5816.264462480951
Sandbondtenga,2021,0.22435905113530663,200.0,18.797690466754446,10639.604921344968
Oudalan,2021,0.39696225590708034,56.0,14.614644662354001,3831.7729437685834
Seno,2021,0.9124533481450656,10.0,2.1216967275625995,4713.208947391825
Yagha,2021,0.9298889704090061,5.0,1.699143701072016,2942.6587032311763
Boulgou,2021,0.45128712196345777,132.0,13.298079287265974,9926.245523772826
Koulpelogo,2021,0.8407068599013986,19.0,3.860475836704707,4921.673079611439
Kourittenga,2021,0.3109172651101375,99.0,16.699948572085848,5928.161968443401
Boulkiemde,2021,0.0,534.0,66.15647593455863,8071.77215014034
Sanguie,2021,0.07354246537263376,109.0,22.45273665864136,4854.642071350767
Sissili,2021,0.5483172733190569,44.0,10.946549557183266,4019.531430442996
Ziro,2021,0.1398713148708829,81.0,20.845254248501703,3885.7765433982195
Bazega,2021,0.0,356.0,104.96663096872187,3391.554027356384
Nahouri,2021,0.32573685903753324,52.0,16.340795100498347,3182.219694953164
Zoundweogo,2021,0.7971195994162226,22.0,4.916814896798691,4474.4413734843
Bassitenga,2021,0.2770863379838948,71.0,17.519842489823517,4052.547849173911
Ganzourgou,2021,0.24388045828838634,101.0,18.32458835723303,5511.719992342069
Kourweogo,2021,0.0,160.0,73.638126750839,2172.7874819707718
Gnagna,2021,0.7744709417390404,42.0,5.465706052076544,7684.277127205416
Komandjari,2021,0.6727800941568085,14.0,7.930187947921061,1765.4058254281565
Djelgodji,2021,0.4420732564894926,56.0,13.52137769800025,4141.589803255192
Karo-Peli,2021,0.3519220913912796,34.0,15.706194911704506,2164.750927333944
Kossin,2021,0.0,155.0,34.81224727241654,4452.456021786738
Nayala,2021,0.26474334256514664,45.0,17.818975494152138,2525.397715192334
Sourou,2021,0.8165590534056634,15.0,4.445698925586646,3374.0476471920847
Comoe,2021,0.5181915297914649,133.0,11.676648197206582,11390.25495619691
Leraba,2021,0.0,56.0,24.308165627923298,2303.752609603401
Dyamongou,2021,0.012069181828144426,52.0,23.942544227124856,2171.8660935410717
Gobnangou,2021,0.0,255.0,51.570820892050776,4944.656602107843
Loroum,2021,0.0,205.0,82.003923903692,2499.880374514255
Passore,2021,0.7469295939944675,31.0,6.133171753439406,5054.480984103468
Yatenga,2021,0.0,494.0,55.93511377893194,8831.66166341233
Zondoma,2021,0.37655985718014195,46.0,15.109097639094912,3044.5233129591156
Bale,2022,0.5650418523999827,39.0,10.303317721268282,3785.188524226089
Banwa,2022,1.0,0.0,0.0,4536.0203580862735
Mouhoun,2022,0.0,127.0,24.912728454703934,5097.795700334874
Bougouriba,2022,0.6872647892652484,16.0,7.4080926098458715,2159.800213449665
Ioba,2022,0.609656319852206,28.0,9.2464872292731,3028.177004490513
Noumbiel,2022,0.5660158543811373,14.0,10.280245497128208,1361.8351822347927
Poni,2022,0.7588883182028043,29.0,5.71146966110021,5077.502240362716
Gourma,2022,0.7187061004003164,42.0,6.6633087266485465,6303.174852461743
Kompienga,2022,0.8969034743095312,6.0,2.44215740297988,2456.844097222767
Houet,2022,0.42640928793170596,273.0,13.587255189993165,20092.358330110772
Kenedougou,2022,0.5008615406453343,71.0,11.82362524305378,6004.926453645132
Tuy,2022,0.9193183796109249,9.0,1.9111916254982806,4709.103932816545
Kadiogo,2022,0.0,1267.0,24.26142287830362,52222.823300814984
Bam,2022,0.2711700025778161,85.0,17.264573774894398,4923.376685012887
Namentenga,2022,0.3260375586019636,95.0,15.96486743435209,5950.566166029392
Sandbondtenga,2022,0.22435905113530663,200.0,18.37343472670846,10885.281003517046
Oudalan,2022,0.39696225590708045,56.0,14.28479845610318,3920.2513197569124
Seno,2022,0.9124533481450656,10.0,2.0738109504828457,4822.040310700307
Yagha,2022,0.9298889704090061,5.0,1.6607947629608306,3010.6067959210704
Boulgou,2022,0.45128712196345777,132.0,12.997947391851094,10155.449627589338
Koulpelogo,2022,0.8407068599013986,19.0,3.773346567503926,5035.31802873027
Kourittenga,2022,0.3109172651101376,99.0,16.32303795890649,6065.047465382001
Boulkiemde,2022,0.0,534.0,64.66335289872131,8258.155138295646
Sanguie,2022,0.07354246537263376,109.0,21.94598810758842,4966.739226579199
Sissili,2022,0.5483172733190569,44.0,10.699490670265938,4112.345284086909
Ziro,2022,0.139871314870883,81.0,20.37478587988558,3975.5019011004633
Bazega,2022,0.0,356.0,102.59757952697538,3469.8674339232243
Nahouri,2022,0.32573685903753347,52.0,15.971990425766473,3255.6994221654495
Zoundweogo,2022,0.7971195994162226,22.0,4.805844512091073,4577.759422854813
Bassitenga,2022,0.2770863379838948,71.0,17.12442722569014,4146.124075524435
Ganzourgou,2022,0.24388045828838656,101.0,17.911010327086952,5638.989546405261
Kourweogo,2022,0.0,160.0,71.97614609339968,2222.9586979049473
Gnagna,2022,0.7744709417390405,42.0,5.342347431500325,7861.712578323434
Komandjari,2022,0.6727800941568085,14.0,7.7512070373406186,1806.1703077412953
Djelgodji,2022,0.4420732564894927,56.0,13.216206054076652,4237.2220719671905
Karo-Peli,2022,0.35192209139127995,34.0,15.351712888641261,2214.736573477518
Kossin,2022,0.0,155.0,34.02654991478934,4555.266413672771
Nayala,2022,0.26474334256514676,45.0,17.41680892754636,2583.7109534358024
Sourou,2022,0.8165590534056634,15.0,4.345361424496701,3451.9568189284428
Comoe,2022,0.5181915297914648,133.0,11.413111299898697,11653.264084192408
Leraba,2022,0.0,56.0,23.759540847880544,2356.947903940469
Dyamongou,2022,0.012069181828144537,52.0,23.402171363893192,2222.0160339578533
Gobnangou,2022,0.0,255.0,50.40688977928821,5058.832257188332
Loroum,2022,0.0,205.0,80.15313082440568,2557.6043991232336
Passore,2022,0.7469295939944675,31.0,5.9947487207968315,5171.19256265998
Yatenga,2022,0.0,494.0,54.67268246414849,9035.591043551587
Zondoma,2022,0.37655985718014184,46.0,14.768091843109595,3114.8235322942146
Bale,2023,0.5650418523999828,39.0,10.074649703314956,3871.102335912232
Banwa,2023,1.0,0.0,0.0,4638.976075180658
Mouhoun,2023,0.0,127.0,24.35982458512926,5213.502238334205
Bougouriba,2023,0.6872647892652484,16.0,7.243680145847856,2208.8219907351026
Ioba,2023,0.609656319852206,28.0,9.041274115890788,3096.9086481724607
Noumbiel,2023,0.5660158543811373,14.0,10.052089535573277,1392.7452546513325
Poni,2023,0.7588883182028043,29.0,5.584711418528653,5192.748170260932
Gourma,2023,0.7187061004003164,42.0,6.5154257203438295,6446.2403230012715
Kompienga,2023,0.8969034743095312,6.0,2.3879570659644838,2512.6079884424685
Houet,2023,0.42640928793170596,273.0,13.28570467997557,20548.40195352754
Kenedougou,2023,0.5008615406453343,71.0,11.561216082966343,6141.222470930846
Tuy,2023,0.9193183796109249,9.0,1.8687753463196273,4815.98819126367
Kadiogo,2023,0.0,1267.0,23.72297384349833,53408.1438675633
Bam,2023,0.2711700025778162,85.0,16.881410217998074,5035.124370674759
Namentenga,2023,0.3260375586019636,95.0,15.610549078666994,6085.62834793715
Sandbondtenga,2023,0.22435905113530663,200.0,17.965661520483966,11132.348217290266
Oudalan,2023,0.39696225590708045,56.0,13.967766929153651,4009.2307012308665
Seno,2023,0.9124533481450656,10.0,2.027785558227113,4931.487927521769
Yagha,2023,0.9298889704090061,5.0,1.623935699021689,3078.939642137407
Boulgou,2023,0.45128712196345777,132.0,12.709475760871406,10385.951591047342
Koulpelogo,2023,0.8407068599013986,19.0,3.6896023111406566,5149.606488111199
Kourittenga,2023,0.3109172651101376,99.0,15.96077049923811,6202.7080713130845
Boulkiemde,2023,0.0,534.0,63.22823839079494,8445.593513131029
Sanguie,2023,0.07354246537263365,109.0,21.458926974626312,5079.471127744873
Sissili,2023,0.548317273319057,44.0,10.462030136594395,4205.684692696068
Ziro,2023,0.1398713148708829,81.0,19.922595427313247,4065.7353252755192
Bazega,2023,0.0,356.0,100.32056684116701,3548.6242872175817
Nahouri,2023,0.32573685903753347,52.0,15.617513985047731,3329.595225577195
Zoundweogo,2023,0.7971195994162226,22.0,4.69918537870307,4681.662506804912
Bassitenga,2023,0.2770863379838949,71.0,16.744374029407407,4240.230173747064
Ganzourgou,2023,0.24388045828838656,101.0,17.513499996741402,5766.979759545052
Kourweogo,2023,0.0,160.0,70.37873416140397,2273.414006467663
Gnagna,2023,0.7744709417390404,42.0,5.223781350998166,8040.152751028638
Komandjari,2023,0.6727800941568085,14.0,7.579179618801849,1847.165617406648
Djelgodji,2023,0.4420732564894926,56.0,12.92289047117367,4333.395854814053
Karo-Peli,2023,0.35192209139127983,34.0,15.011002657878622,2265.005261467653
Kossin,2023,0.0,155.0,33.27137726678456,4658.658965546923
Nayala,2023,0.26474334256514664,45.0,17.030266720048214,2642.354388203769
Sourou,2023,0.8165590534056634,15.0,4.248922082227424,3530.3071484277507
Comoe,2023,0.5181915297914649,133.0,11.159812934243009,11917.762491510943
Leraba,2023,0.0,56.0,23.23223039700015,2410.444414636615
Dyamongou,2023,0.012069181828144426,52.0,22.882792238998384,2272.449946531356
Gobnangou,2023,0.0,255.0,49.28817793434253,5173.654427633521
Loroum,2023,0.0,205.0,78.37424192141314,2615.6552838566035
Passore,2023,0.7469295939944675,31.0,5.861703487679036,5288.565016152765
Yatenga,2023,0.0,494.0,53.45929719607492,9240.675166157449
Zondoma,2023,0.37655985718014195,46.0,14.440334281703358,3185.521823984667
Bale,2024,0.565041852399983,39.0,9.853345795006613,3958.046415032349
Banwa,2024,1.0,0.0,0.0,4743.166424057547
Mouhoun,2024,0.0,127.0,23.824726636798523,5330.596314328406
Bougouriba,2024,0.6872647892652484,16.0,7.084562481807963,2258.431630899646
Ioba,2024,0.609656319852206,28.0,8.842669761709093,3166.4645129287537
Noumbiel,2024,0.5660158543811373,14.0,9.831281193209197,1424.0259967002346
Poni,2024,0.7588883182028043,29.0,5.462035345405441,5309.376114600621
Gourma,2024,0.7187061004003164,42.0,6.372305193212216,6591.021416353132
Kompienga,2024,0.8969034743095312,6.0,2.335502216700933,2569.0405931086793
Houet,2024,0.42640928793170596,273.0,12.993865414403727,21009.91439370912
Kenedougou,2024,0.5008615406453343,71.0,11.307257644777089,6279.152932611867
Tuy,2024,0.9193183796109249,9.0,1.8277250567244732,4924.154192058404
Kadiogo,2024,0.0,1267.0,23.201865221077913,54607.678646843626
Bam,2024,0.2711700025778163,85.0,16.510586202372984,5148.2121202809485
Namentenga,2024,0.3260375586019637,95.0,15.26764132269693,6222.310178244275
Sandbondtenga,2024,0.22435905113530674,200.0,17.571020393803433,11382.378229469909
Oudalan,2024,0.39696225590708034,56.0,13.66094520305983,4099.277112059341
Seno,2024,0.9124533481450656,10.0,1.983242384770748,5042.2480261563915
Yagha,2024,0.9298889704090061,5.0,1.5882636580457445,3148.091927099922
Boulgou,2024,0.45128712196345777,132.0,12.430294177267015,10619.217704550108
Koulpelogo,2024,0.8407068599013986,19.0,3.6085549858634067,5265.2654800697
Kourittenga,2024,0.31091726511013773,99.0,15.610169635177133,6342.019485611862
Boulkiemde,2024,0.0,534.0,61.839340842651865,8635.27962496795
Sanguie,2024,0.07354246537263376,109.0,20.987551339002422,5193.554895441222
Sissili,2024,0.5483172733190569,44.0,10.232216870004475,4300.14341554713
Ziro,2024,0.13987131487088278,81.0,19.4849674837571,4157.0508171246665
Bazega,2024,0.0,356.0,98.11688391625563,3628.3255826168697
Nahouri,2024,0.32573685903753347,52.0,15.27445323507307,3404.377178005825
Zoundweogo,2024,0.7971195994162226,22.0,4.595961135598099,4786.811583239599
Bassitenga,2024,0.27708633798389504,71.0,16.37656020718932,4335.464780255315
Ganzourgou,2024,0.24388045828838645,101.0,17.128791236479326,5896.504814939859
Kourweogo,2024,0.0,160.0,68.83276587561954,2324.4743686330894
Gnagna,2024,0.7744709417390405,42.0,5.109033616519245,8220.732755447078
Komandjari,2024,0.6727800941568085,14.0,7.412692235041014,1888.6525375786816
Djelgodji,2024,0.4420732564894926,56.0,12.63902093206996,4430.722941355916
Karo-Peli,2024,0.35192209139127995,34.0,14.681264785729837,2315.876765130477
Kossin,2024,0.0,155.0,32.54052447876971,4763.291387670351
Nayala,2024,0.26474334256514664,45.0,16.656172861138156,2701.701067535934
Sourou,2024,0.8165590534056634,15.0,4.155588508298283,3609.597045050669
Comoe,2024,0.5181915297914649,133.0,10.914671883083152,12185.432729877946
Leraba,2024,0.0,56.0,22.721901647417496,2464.5824486422243
Dyamongou,2024,0.012069181828144537,52.0,22.380139392038167,2323.4886561296053
Gobnangou,2024,0.0,255.0,48.20549350049289,5289.853530851057
Loroum,2024,0.0,205.0,76.65264101630126,2674.402307369995
Passore,2024,0.7469295939944675,31.0,5.732942892584482,5407.344985085803
Yatenga,2024,0.0,494.0,52.28498823712265,9448.218631313703
Zondoma,2024,0.37655985718014195,46.0,14.123131946343909,3257.06792054068
Bale,2025,0.5650418523999827,39.0,9.636903139573043,4046.943238419627
Banwa,2025,1.0,0.0,0.0,4849.69686450274
Mouhoun,2025,0.0,127.0,23.301382870576404,5450.320296670805
Bougouriba,2025,0.6872647892652484,16.0,6.928940061967116,2309.1554923131525
Ioba,2025,0.609656319852206,28.0,8.648428032639117,3237.5825866074347
Noumbiel,2025,0.5660158543811372,14.0,9.615323217914076,1456.009297109944
Poni,2025,0.7588883182028043,29.0,5.342054025473415,5428.623496077431
Gourma,2025,0.7187061004003164,42.0,6.232328510576055,6739.054260173768
Kompienga,2025,0.8969034743095312,6.0,2.2841996122789996,2626.7406612566833
Houet,2025,0.42640928793170596,273.0,12.70843681044006,21481.79229846182
Kenedougou,2025,0.5008615406453343,71.0,11.058877762326665,6420.1812811305
Tuy,2025,0.9193183796109249,9.0,1.7875764947121267,5034.749576660422
Kadiogo,2025,0.0,1267.0,22.692203485466557,55834.15470478495
Bam,2025,0.2711700025778161,85.0,16.147907859934474,5263.839795054721
Namentenga,2025,0.3260375586019636,95.0,14.932266019846349,6362.06185141199
Sandbondtenga,2025,0.22435905113530663,200.0,17.1850481167887,11638.023858927267
Oudalan,2025,0.39696225590708034,56.0,13.360863249478012,4191.345944820432
Seno,2025,0.9124533481450656,10.0,1.939677665023906,5155.495771446516
Yagha,2025,0.9298889704090061,5.0,1.5533752038264408,3218.7973566743326
Boulgou,2025,0.45128712196345777,132.0,12.157245211411013,10857.72292197433
Koulpelogo,2025,0.8407068599013986,19.0,3.529287979542149,5383.522146714945
Kourittenga,2025,0.3109172651101376,99.0,15.267270214219183,6484.459802630354
Boulkiemde,2025,0.0,534.0,60.4809523905762,8829.226043788372
Sanguie,2025,0.07354246537263354,109.0,20.526530134898927,5310.200958645207
Sissili,2025,0.5483172733190569,44.0,10.007451776361025,4396.723659856552
Ziro,2025,0.13987131487088267,81.0,19.05695265600606,4250.417234177876
Bazega,2025,0.0,356.0,95.96160799886482,3709.816951006191
Nahouri,2025,0.32573685903753336,52.0,14.938928298947259,3480.8387160988264
Zoundweogo,2025,0.7971195994162226,22.0,4.4950043587677895,4894.3222840457565
Bassitenga,2025,0.2770863379838948,71.0,16.01682593500859,4432.838334392621
Ganzourgou,2025,0.24388045828838656,101.0,16.75253314742802,6028.938973656428
Kourweogo,2025,0.0,160.0,67.32075696647252,2376.681534934079
Gnagna,2025,0.7744709417390404,42.0,4.996806478076667,8405.368545744906
Komandjari,2025,0.6727800941568085,14.0,7.249861981780526,1931.0712445537727
Djelgodji,2025,0.4420732564894927,56.0,12.36138698827758,4530.23597215307
Karo-Peli,2025,0.35192209139127983,34.0,14.358770071603688,2367.890831209796
Kossin,2025,0.0,155.0,31.82572590436514,4870.273830226778
Nayala,2025,0.26474334256514676,45.0,16.290296502140148,2762.3806598049396
Sourou,2025,0.8165590534056634,15.0,4.064305138127602,3690.6677747405547
Comoe,2025,0.5181915297914649,133.0,10.674915701303979,12459.114780995747
Leraba,2025,0.0,56.0,22.22278298951352,2519.9364105938157
Dyamongou,2025,0.012069181828144537,52.0,21.8885280247155,2375.673683551677
Gobnangou,2025,0.0,255.0,47.14659175921635,5408.662439531526
Loroum,2025,0.0,205.0,74.9688575063414,2734.4687756867534
Passore,2025,0.7469295939944673,31.0,5.60701070579887,5528.792725139485
Yatenga,2025,0.0,494.0,51.13647463283091,9660.423475552605
Zondoma,2025,0.37655985718014184,46.0,13.812897408238639,3330.220926173209
Bale,2026,0.5650418523999828,39.0,9.42521495272971,4137.836664266729
Banwa,2026,1.0,0.0,0.0,4958.619954441293
Mouhoun,2026,0.0,127.0,22.789535089253462,5572.733252460582
Bougouriba,2026,0.6872647892652484,16.0,6.776736108350444,2361.0186001317725
Ioba,2026,0.609656319852206,28.0,8.458453097459316,3310.2979560660356
Noumbiel,2026,0.5660158543811371,14.0,9.404109064525482,1488.7109351816541
Poni,2026,0.7588883182028043,29.0,5.224708264673158,5550.549146654441
Gourma,2026,0.7187061004003164,42.0,6.095426613451219,6890.411888040053
Kompienga,2026,0.8969034743095312,6.0,2.2340239420135206,2685.7366598283697
Houet,2026,0.42640928793170585,273.0,12.429278048849117,21964.26847376532
Kenedougou,2026,0.5008615406453343,71.0,10.81595389476015,6564.377094321412
Tuy,2026,0.9193183796109249,9.0,1.748309852562797,5147.828908478185
Kadiogo,2026,0.0,1267.0,22.19373718963003,57088.17713638614
Bam,2026,0.271170002577816,85.0,15.793196259467548,5382.064441138383
Namentenga,2026,0.3260375586019636,95.0,14.604257709145033,6504.952315413607
Sandbondtenga,2026,0.22435905113530663,200.0,16.807554265914572,11899.411231150776
Oudalan,2026,0.39696225590708034,56.0,13.067373019786961,4285.482622651341
Seno,2026,0.9124533481450656,10.0,1.8970699058690694,5271.287035370942
Yagha,2026,0.9298889704090061,5.0,1.5192531237740747,3291.0908141358154
Boulgou,2026,0.45128712196345777,132.0,11.890194151693981,11101.584912403985
Koulpelogo,2026,0.8407068599013986,19.0,3.451762184956821,5504.43483123032
Kourittenga,2026,0.3109172651101376,99.0,14.931903063290399,6630.099296812896
Boulkiemde,2026,0.0,534.0,59.15240285918741,9027.52845511939
Sanguie,2026,0.07354246537263354,109.0,20.075635912604785,5429.46686593189
Sissili,2026,0.5483172733190569,44.0,9.78762396541617,4495.473074514374
Ziro,2026,0.13987131487088267,81.0,18.638339778395686,4345.88063974935
Bazega,2026,0.0,356.0,93.85367576071324,3793.138597018276
Nahouri,2026,0.32573685903753336,52.0,14.61077364187692,3559.0175629686923
Zoundweogo,2026,0.7971195994162226,22.0,4.39626524011327,5004.2476507703095
Bassitenga,2026,0.2770863379838948,71.0,15.664993734138566,4532.398876436854
Ganzourgou,2026,0.24388045828838634,101.0,16.384540098660185,6164.347573494546
Kourweogo,2026,0.0,160.0,65.8419614682971,2430.0612623310135
Gnagna,2026,0.7744709417390404,42.0,4.887044567218868,8594.151213951682
Komandjari,2026,0.6727800941568085,14.0,7.090608524984288,1974.4426660518566
Djelgodji,2026,0.4420732564894926,56.0,12.089851666139523,4631.984043016937
Karo-Peli,2026,0.35192209139127983,34.0,14.043359409305308,2421.0731213979448
Kossin,2026,0.0,155.0,31.126628890096885,4979.65907414131
Nayala,2026,0.26474334256514676,45.0,15.932457134063746,2824.423101932568
Sourou,2026,0.8165590534056633,15.0,3.975026936094497,3773.5593346035653
Comoe,2026,0.5181915297914648,133.0,10.440426102644947,12738.94366881311
Leraba,2026,0.0,56.0,21.734628177793436,2576.5336099568503
Dyamongou,2026,0.012069181828144315,52.0,21.40771559533721,2429.030774835502
Gobnangou,2026,0.0,255.0,46.11095029008423,5530.139769312791
Loroum,2026,0.0,205.0,73.3220606790427,2795.884323237442
Passore,2026,0.7469295939944673,31.0,5.483844797339371,5652.968153847179
Yatenga,2026,0.0,494.0,50.013189751805996,9877.39439238949
Zondoma,2026,0.37655985718014184,46.0,13.50947760988083,3405.016931695094
